{
  "roc_auc": 0.9014703549641017,
  "accuracy": 0.9318539154518367,
  "precision": 0.7248344449455271,
  "recall": 0.41565547608191156
}